symbol,ts,year,ret1,vol_ratio,entry,REF_status,REF_close_ret,REF_tp_hit,A_status,A_close_ret,A_tp_hit,B_status,B_close_ret,B_tp_hit
BNB/USDT,2022-11-08 17:00:00+00:00,2022,-7.33,2.48,347.9,expired,-17.28,,loss,-3.0,,loss,-4.0,
SOL/USDT,2022-11-10 08:00:00+00:00,2022,-7.69,1.55,14.16,win,5.0,TP1,loss,-3.0,,loss,-4.0,
SOL/USDT,2024-03-05 19:00:00+00:00,2024,-9.05,2.59,119.24,win,5.0,TP1,win,5.0,TP1,win,8.0,TP1
SOL/USDT,2025-01-19 21:00:00+00:00,2025,-8.09,2.15,255.2,win,5.0,TP1,loss,-3.0,,loss,-4.0,
XRP/USDT,2024-03-05 19:00:00+00:00,2024,-7.77,2.54,0.5674,win,5.0,TP1,win,5.0,TP1,win,8.0,TP1
ADA/USDT,2022-05-12 03:00:00+00:00,2022,-8.99,1.62,0.4416,win,5.0,TP1,loss,-3.0,,loss,-4.0,
ADA/USDT,2024-04-13 19:00:00+00:00,2024,-7.01,2.96,0.4508,win,5.0,TP1,loss,-3.0,,loss,-4.0,
ADA/USDT,2025-03-03 18:00:00+00:00,2025,-7.03,1.74,0.901,win,5.0,TP1,loss,-3.0,,loss,-4.0,
ADA/USDT,2025-03-03 19:00:00+00:00,2025,-7.14,2.33,0.8367,win,5.0,TP1,win,5.0,TP1,loss,-4.0,
DOGE/USDT,2022-11-08 17:00:00+00:00,2022,-7.92,1.68,0.09955,expired,-16.68,,loss,-3.0,,loss,-4.0,
DOGE/USDT,2022-11-09 21:00:00+00:00,2022,-11.04,2.34,0.07209,win,5.0,TP1,win,5.0,TP1,win,8.0,TP1
DOGE/USDT,2024-03-05 04:00:00+00:00,2024,-7.26,1.74,0.18164,win,5.0,TP1,loss,-3.0,,loss,-4.0,
DOGE/USDT,2024-03-05 15:00:00+00:00,2024,-7.97,1.68,0.17278,expired,-6.75,,loss,-3.0,,loss,-4.0,
DOGE/USDT,2024-03-05 19:00:00+00:00,2024,-12.41,1.76,0.13797,win,5.0,TP1,win,5.0,TP1,loss,-4.0,
DOGE/USDT,2024-04-13 19:00:00+00:00,2024,-7.86,2.75,0.15119,win,5.0,TP1,loss,-3.0,,loss,-4.0,
DOGE/USDT,2024-07-05 02:00:00+00:00,2024,-7.67,2.62,0.09487,win,5.0,TP1,loss,-3.0,,win,8.0,TP1
DOGE/USDT,2024-12-10 15:00:00+00:00,2024,-7.06,2.04,0.37282,win,5.0,TP1,win,5.0,TP1,win,8.0,TP1
AVAX/USDT,2022-05-11 06:00:00+00:00,2022,-9.23,2.56,37.49,win,5.0,TP1,loss,-3.0,,loss,-4.0,
AVAX/USDT,2023-01-14 09:00:00+00:00,2023,-7.24,2.73,16.79,expired,-2.86,,loss,-3.0,,loss,-4.0,
TRX/USDT,2024-12-04 00:00:00+00:00,2024,-9.64,1.5,0.3916,win,5.0,TP1,loss,-3.0,,loss,-4.0,
DOT/USDT,2022-11-09 21:00:00+00:00,2022,-7.01,2.39,5.44,win,5.0,TP1,win,5.0,TP1,win,8.0,TP1
DOT/USDT,2024-03-05 19:00:00+00:00,2024,-9.64,2.9,8.904,win,5.0,TP1,win,5.0,TP1,win,8.0,TP1
LINK/USDT,2022-11-08 17:00:00+00:00,2022,-9.25,1.73,8.269,expired,-21.09,,loss,-3.0,,loss,-4.0,
LINK/USDT,2022-11-09 21:00:00+00:00,2022,-7.53,2.1,5.915,win,5.0,TP1,win,5.0,TP1,win,8.0,TP1
MATIC/USDT,2022-06-28 15:00:00+00:00,2022,-8.08,2.64,0.5156,win,5.0,TP1,win,5.0,TP1,loss,-4.0,
MATIC/USDT,2022-11-08 17:00:00+00:00,2022,-9.28,1.91,1.0875,expired,-23.72,,loss,-3.0,,loss,-4.0,
MATIC/USDT,2024-03-05 19:00:00+00:00,2024,-8.21,2.35,0.9873,win,5.0,TP1,win,5.0,TP1,win,8.0,TP1
MATIC/USDT,2024-04-13 19:00:00+00:00,2024,-7.05,2.94,0.6713,expired,1.97,,loss,-3.0,,loss,-4.0,
LTC/USDT,2022-11-09 21:00:00+00:00,2022,-7.39,2.06,49.16,win,5.0,TP1,win,5.0,TP1,win,8.0,TP1
LTC/USDT,2024-03-05 19:00:00+00:00,2024,-8.9,2.4,77.46,win,5.0,TP1,win,5.0,TP1,win,8.0,TP1
BCH/USDT,2022-11-09 21:00:00+00:00,2022,-9.4,2.51,88.7,win,5.0,TP1,win,5.0,TP1,win,8.0,TP1
BCH/USDT,2024-03-05 19:00:00+00:00,2024,-10.45,2.07,374.4,win,5.0,TP1,win,5.0,TP1,win,8.0,TP1
NEAR/USDT,2022-05-11 06:00:00+00:00,2022,-8.78,2.4,8.424,win,5.0,TP1,loss,-3.0,,loss,-4.0,
NEAR/USDT,2023-01-14 09:00:00+00:00,2023,-8.35,2.69,2.108,win,5.0,TP1,loss,-3.0,,loss,-4.0,
NEAR/USDT,2024-03-05 19:00:00+00:00,2024,-12.48,2.26,3.851,win,5.0,TP1,win,5.0,TP1,win,8.0,TP1
NEAR/USDT,2024-03-15 08:00:00+00:00,2024,-7.12,2.15,7.405,win,5.0,TP1,loss,-3.0,,loss,-4.0,
UNI/USDT,2024-03-05 19:00:00+00:00,2024,-9.76,1.81,12.087,win,5.0,TP1,loss,-3.0,,win,8.0,TP1
ATOM/USDT,2022-05-09 23:00:00+00:00,2022,-7.4,1.9,12.51,win,5.0,TP1,loss,-3.0,,loss,-4.0,
ATOM/USDT,2022-05-11 06:00:00+00:00,2022,-7.41,2.03,12.25,win,5.0,TP1,loss,-3.0,,loss,-4.0,
ATOM/USDT,2022-09-21 21:00:00+00:00,2022,-7.69,2.2,13.117,win,5.0,TP1,win,5.0,TP1,win,8.0,TP1
ATOM/USDT,2022-11-09 21:00:00+00:00,2022,-9.17,2.31,9.447,win,5.0,TP1,win,5.0,TP1,win,8.0,TP1
ATOM/USDT,2023-08-17 21:00:00+00:00,2023,-7.66,2.61,7.375,expired,2.64,,expired,2.64,,expired,2.64,
ATOM/USDT,2024-07-05 02:00:00+00:00,2024,-8.59,2.65,5.237,win,5.0,TP1,loss,-3.0,,win,8.0,TP1
XLM/USDT,2024-03-05 19:00:00+00:00,2024,-8.48,2.56,0.1274,win,5.0,TP1,win,5.0,TP1,win,8.0,TP1
XLM/USDT,2024-11-18 09:00:00+00:00,2024,-7.26,1.75,0.2337,win,5.0,TP1,win,5.0,TP1,win,8.0,TP1
FIL/USDT,2022-01-22 09:00:00+00:00,2022,-7.1,2.3,18.96,win,5.0,TP1,loss,-3.0,,loss,-4.0,
FIL/USDT,2023-03-09 20:00:00+00:00,2023,-7.41,2.85,5.339,expired,-1.84,,loss,-3.0,,loss,-4.0,
FIL/USDT,2024-03-05 19:00:00+00:00,2024,-9.78,2.72,8.39,win,5.0,TP1,win,5.0,TP1,win,8.0,TP1
FIL/USDT,2024-04-13 19:00:00+00:00,2024,-8.04,2.01,5.665,win,5.0,TP1,loss,-3.0,,loss,-4.0,
HBAR/USDT,2024-03-05 19:00:00+00:00,2024,-10.31,2.66,0.1035,win,5.0,TP1,win,5.0,TP1,win,8.0,TP1
HBAR/USDT,2024-04-13 19:00:00+00:00,2024,-7.18,2.49,0.0763,win,5.0,TP1,loss,-3.0,,loss,-4.0,
HBAR/USDT,2024-11-23 02:00:00+00:00,2024,-9.87,1.9,0.14891,win,5.0,TP1,win,5.0,TP1,win,8.0,TP1
VET/USDT,2022-01-22 09:00:00+00:00,2022,-7.03,2.18,0.04801,win,5.0,TP1,win,5.0,TP1,loss,-4.0,
VET/USDT,2024-04-13 19:00:00+00:00,2024,-7.2,1.67,0.03891,win,5.0,TP1,loss,-3.0,,loss,-4.0,
ALGO/USDT,2022-05-11 12:00:00+00:00,2022,-14.69,2.6,0.4293,win,5.0,TP1,win,15.0,TP3,win,8.0,TP1
ALGO/USDT,2022-11-08 17:00:00+00:00,2022,-8.2,1.8,0.365,expired,-18.68,,loss,-3.0,,loss,-4.0,
ALGO/USDT,2022-11-09 21:00:00+00:00,2022,-11.04,2.59,0.2586,win,5.0,TP1,win,5.0,TP1,win,8.0,TP1
ALGO/USDT,2024-04-13 19:00:00+00:00,2024,-8.73,2.38,0.1662,win,5.0,TP1,loss,-3.0,,loss,-4.0,
ALGO/USDT,2024-12-10 15:00:00+00:00,2024,-7.3,1.54,0.3862,win,5.0,TP1,loss,-3.0,,loss,-4.0,
ALGO/USDT,2025-01-19 21:00:00+00:00,2025,-7.05,3.0,0.4155,win,5.0,TP1,loss,-3.0,,loss,-4.0,
AAVE/USDT,2022-11-09 21:00:00+00:00,2022,-8.71,2.54,58.7,win,5.0,TP1,loss,-3.0,,win,8.0,TP1
AAVE/USDT,2024-03-05 19:00:00+00:00,2024,-10.4,2.76,99.38,win,5.0,TP1,win,5.0,TP1,win,8.0,TP1
AAVE/USDT,2024-07-05 02:00:00+00:00,2024,-7.65,1.87,72.64,win,5.0,TP1,win,5.0,TP1,win,8.0,TP1
SAND/USDT,2022-11-09 21:00:00+00:00,2022,-9.42,1.65,0.5609,win,5.0,TP1,win,5.0,TP1,win,8.0,TP1
SAND/USDT,2024-03-05 19:00:00+00:00,2024,-13.34,2.59,0.6011,win,5.0,TP1,win,5.0,TP1,win,8.0,TP1
SAND/USDT,2024-04-13 19:00:00+00:00,2024,-8.99,2.4,0.422,expired,1.85,,loss,-3.0,,loss,-4.0,
MANA/USDT,2022-11-09 21:00:00+00:00,2022,-9.93,1.96,0.4554,win,5.0,TP1,win,5.0,TP1,win,8.0,TP1
MANA/USDT,2024-04-13 19:00:00+00:00,2024,-9.34,2.77,0.4251,expired,1.32,,loss,-3.0,,loss,-4.0,
MANA/USDT,2024-11-24 06:00:00+00:00,2024,-7.03,1.99,0.6559,win,5.0,TP1,win,5.0,TP1,win,8.0,TP1
MANA/USDT,2026-01-23 05:00:00+00:00,2026,-7.03,2.66,0.1733,expired,-6.35,,loss,-3.0,,loss,-4.0,
AXS/USDT,2022-05-11 06:00:00+00:00,2022,-8.77,2.47,21.44,win,5.0,TP1,loss,-3.0,,loss,-4.0,
AXS/USDT,2022-11-09 21:00:00+00:00,2022,-13.04,2.47,5.8,win,5.0,TP1,win,5.0,TP1,win,8.0,TP1
AXS/USDT,2024-04-13 19:00:00+00:00,2024,-7.49,2.05,6.841,win,5.0,TP1,win,15.0,TP3,win,20.0,TP2
AXS/USDT,2024-07-05 02:00:00+00:00,2024,-7.07,2.44,4.562,win,5.0,TP1,loss,-3.0,,win,8.0,TP1
AXS/USDT,2025-10-10 20:00:00+00:00,2025,-7.28,2.84,1.884,expired,-20.44,,loss,-3.0,,loss,-4.0,
AXS/USDT,2026-01-23 05:00:00+00:00,2026,-7.22,1.77,2.623,win,5.0,TP1,loss,-3.0,,loss,-4.0,
AXS/USDT,2026-04-25 12:00:00+00:00,2026,-8.83,2.06,1.508,win,5.0,TP1,win,5.0,TP1,win,8.0,TP1
GALA/USDT,2022-01-21 21:00:00+00:00,2022,-8.56,2.97,0.21463,expired,-14.78,,loss,-3.0,,loss,-4.0,
GALA/USDT,2022-01-22 09:00:00+00:00,2022,-10.96,2.49,0.16147,win,5.0,TP1,win,5.0,TP1,win,8.0,TP1
GALA/USDT,2022-11-09 21:00:00+00:00,2022,-7.24,2.33,0.02523,win,5.0,TP1,win,5.0,TP1,win,8.0,TP1
GALA/USDT,2023-01-18 15:00:00+00:00,2023,-8.1,2.99,0.04654,expired,-4.08,,loss,-3.0,,loss,-4.0,
GALA/USDT,2023-11-09 16:00:00+00:00,2023,-10.08,2.89,0.02276,win,5.0,TP1,win,5.0,TP1,win,8.0,TP1
GALA/USDT,2024-11-12 09:00:00+00:00,2024,-7.4,1.65,0.02854,expired,-11.98,,loss,-3.0,,loss,-4.0,
GALA/USDT,2024-12-20 08:00:00+00:00,2024,-7.38,1.9,0.0329,win,5.0,TP1,loss,-3.0,,loss,-4.0,
ENJ/USDT,2022-11-09 21:00:00+00:00,2022,-7.84,1.8,0.3162,win,5.0,TP1,win,5.0,TP1,win,8.0,TP1
ENJ/USDT,2024-04-13 19:00:00+00:00,2024,-9.27,2.54,0.3062,win,5.0,TP1,loss,-3.0,,loss,-4.0,
ENJ/USDT,2024-07-05 02:00:00+00:00,2024,-8.44,2.68,0.1388,win,5.0,TP1,win,5.0,TP1,win,20.0,TP2
ENJ/USDT,2024-11-24 06:00:00+00:00,2024,-7.47,1.9,0.2738,win,5.0,TP1,win,5.0,TP1,win,8.0,TP1
ENJ/USDT,2026-04-09 04:00:00+00:00,2026,-8.01,1.91,0.03283,win,5.0,TP1,loss,-3.0,,loss,-4.0,
ENJ/USDT,2026-04-13 15:00:00+00:00,2026,-7.3,2.4,0.04429,win,5.0,TP1,loss,-3.0,,loss,-4.0,
ENJ/USDT,2026-04-19 01:00:00+00:00,2026,-8.58,1.91,0.05583,win,5.0,TP1,win,10.0,TP2,win,8.0,TP1
CHZ/USDT,2022-11-08 17:00:00+00:00,2022,-10.34,1.74,0.2367,expired,-25.6,,loss,-3.0,,loss,-4.0,
CHZ/USDT,2022-11-09 21:00:00+00:00,2022,-12.77,2.12,0.1475,win,5.0,TP1,win,5.0,TP1,win,8.0,TP1
CHZ/USDT,2024-03-05 19:00:00+00:00,2024,-13.01,2.75,0.12507,win,5.0,TP1,win,10.0,TP2,win,8.0,TP1
CHZ/USDT,2024-04-13 19:00:00+00:00,2024,-8.82,2.31,0.10013,win,5.0,TP1,loss,-3.0,,loss,-4.0,
CHZ/USDT,2024-07-05 02:00:00+00:00,2024,-7.76,2.71,0.0559,win,5.0,TP1,loss,-3.0,,win,8.0,TP1
COMP/USDT,2024-03-05 19:00:00+00:00,2024,-10.91,2.85,77.25,win,5.0,TP1,win,5.0,TP1,win,8.0,TP1
COMP/USDT,2024-04-13 19:00:00+00:00,2024,-8.67,2.2,49.51,win,5.0,TP1,loss,-3.0,,loss,-4.0,
COMP/USDT,2024-12-09 20:00:00+00:00,2024,-7.63,2.89,99.69,expired,-5.41,,loss,-3.0,,loss,-4.0,
COMP/USDT,2025-04-01 10:00:00+00:00,2025,-7.3,2.19,48.86,expired,-11.87,,loss,-3.0,,loss,-4.0,
COMP/USDT,2026-02-13 21:00:00+00:00,2026,-7.21,2.61,21.25,win,5.0,TP1,loss,-3.0,,loss,-4.0,
CRV/USDT,2022-05-11 12:00:00+00:00,2022,-13.42,2.67,1.574,win,5.0,TP1,win,15.0,TP3,win,8.0,TP1
CRV/USDT,2022-11-09 21:00:00+00:00,2022,-7.9,2.97,0.536,win,5.0,TP1,win,5.0,TP1,win,8.0,TP1
CRV/USDT,2023-02-09 02:00:00+00:00,2023,-7.16,2.5,1.063,expired,-6.77,,loss,-3.0,,loss,-4.0,
CRV/USDT,2023-07-31 19:00:00+00:00,2023,-7.27,2.51,0.561,win,5.0,TP1,loss,-3.0,,loss,-4.0,
CRV/USDT,2024-03-05 19:00:00+00:00,2024,-12.27,2.75,0.6344,win,5.0,TP1,win,5.0,TP1,win,8.0,TP1
CRV/USDT,2024-04-13 19:00:00+00:00,2024,-8.46,2.14,0.4251,win,5.0,TP1,loss,-3.0,,loss,-4.0,
CRV/USDT,2024-06-13 05:00:00+00:00,2024,-8.13,1.78,0.2497,win,5.0,TP1,win,10.0,TP2,win,8.0,TP1
CRV/USDT,2024-06-18 01:00:00+00:00,2024,-7.77,2.7,0.2907,win,5.0,TP1,win,5.0,TP1,win,8.0,TP1
CRV/USDT,2024-12-06 15:00:00+00:00,2024,-7.76,2.72,1.1594,win,5.0,TP1,win,5.0,TP1,win,8.0,TP1
CRV/USDT,2024-12-10 15:00:00+00:00,2024,-8.44,1.52,1.0757,win,5.0,TP1,loss,-3.0,,loss,-4.0,
CRV/USDT,2024-12-20 08:00:00+00:00,2024,-8.4,2.28,0.7534,win,5.0,TP1,loss,-3.0,,loss,-4.0,
CRV/USDT,2025-01-19 21:00:00+00:00,2025,-8.19,2.52,0.8406,win,5.0,TP1,loss,-3.0,,loss,-4.0,
SNX/USDT,2022-01-05 19:00:00+00:00,2022,-7.07,2.12,6.615,expired,-8.01,,loss,-3.0,,loss,-4.0,
SNX/USDT,2022-05-11 06:00:00+00:00,2022,-7.18,2.02,2.922,win,5.0,TP1,loss,-3.0,,loss,-4.0,
SNX/USDT,2022-06-07 00:00:00+00:00,2022,-7.13,2.95,2.579,win,5.0,TP1,win,5.0,TP1,win,8.0,TP1
SNX/USDT,2022-11-09 21:00:00+00:00,2022,-7.71,2.22,1.699,win,5.0,TP1,loss,-3.0,,win,8.0,TP1
SNX/USDT,2023-03-15 16:00:00+00:00,2023,-9.6,2.77,2.56,win,5.0,TP1,win,5.0,TP1,win,8.0,TP1
SNX/USDT,2023-04-26 19:00:00+00:00,2023,-8.29,2.77,2.355,win,5.0,TP1,loss,-3.0,,expired,4.93,
SNX/USDT,2024-03-05 19:00:00+00:00,2024,-11.2,2.78,3.727,win,5.0,TP1,win,5.0,TP1,win,8.0,TP1
SNX/USDT,2024-04-13 19:00:00+00:00,2024,-8.13,1.99,2.778,win,5.0,TP1,loss,-3.0,,loss,-4.0,
1INCH/USDT,2023-07-17 09:00:00+00:00,2023,-11.0,2.44,0.4856,expired,-21.46,,loss,-3.0,,loss,-4.0,
GRT/USDT,2022-05-11 06:00:00+00:00,2022,-8.11,1.91,0.2174,win,5.0,TP1,loss,-3.0,,loss,-4.0,
GRT/USDT,2022-05-11 16:00:00+00:00,2022,-9.05,1.99,0.1788,expired,-18.29,,loss,-3.0,,loss,-4.0,
GRT/USDT,2022-05-11 17:00:00+00:00,2022,-11.13,2.86,0.1589,expired,-12.65,,loss,-3.0,,loss,-4.0,
GRT/USDT,2022-11-09 21:00:00+00:00,2022,-10.19,1.8,0.0573,win,5.0,TP1,win,5.0,TP1,win,8.0,TP1
GRT/USDT,2024-04-13 19:00:00+00:00,2024,-8.9,2.78,0.2313,win,5.0,TP1,loss,-3.0,,loss,-4.0,
GRT/USDT,2024-07-05 02:00:00+00:00,2024,-7.41,1.98,0.1574,win,5.0,TP1,win,5.0,TP1,win,8.0,TP1
FTM/USDT,2022-11-09 21:00:00+00:00,2022,-8.49,1.62,0.1713,win,5.0,TP1,win,5.0,TP1,win,8.0,TP1
FTM/USDT,2024-03-05 19:00:00+00:00,2024,-12.17,2.6,0.5862,win,5.0,TP1,win,5.0,TP1,win,8.0,TP1
FTM/USDT,2024-04-13 19:00:00+00:00,2024,-9.93,2.66,0.665,win,5.0,TP1,loss,-3.0,,loss,-4.0,
FTM/USDT,2024-07-05 02:00:00+00:00,2024,-8.36,2.48,0.3934,win,5.0,TP1,loss,-3.0,,win,8.0,TP1
FTM/USDT,2024-11-24 15:00:00+00:00,2024,-7.1,2.29,0.8891,win,5.0,TP1,win,5.0,TP1,win,8.0,TP1
FTM/USDT,2024-12-20 08:00:00+00:00,2024,-8.63,2.43,0.88,win,5.0,TP1,loss,-3.0,,loss,-4.0,
SUSHI/USDT,2022-01-22 07:00:00+00:00,2022,-7.2,2.27,4.482,win,5.0,TP1,loss,-3.0,,loss,-4.0,
SUSHI/USDT,2022-05-14 00:00:00+00:00,2022,-7.77,2.13,1.293,expired,1.93,,loss,-3.0,,loss,-4.0,
SUSHI/USDT,2022-11-07 22:00:00+00:00,2022,-7.11,2.28,1.673,win,5.0,TP1,loss,-3.0,,loss,-4.0,
SUSHI/USDT,2022-11-08 17:00:00+00:00,2022,-9.82,1.67,1.588,expired,-28.9,,loss,-3.0,,loss,-4.0,
SUSHI/USDT,2024-03-05 19:00:00+00:00,2024,-12.84,2.89,1.568,win,5.0,TP1,win,5.0,TP1,win,8.0,TP1
SUSHI/USDT,2024-12-20 08:00:00+00:00,2024,-7.51,1.93,1.379,win,5.0,TP1,loss,-3.0,,loss,-4.0,
SUSHI/USDT,2025-07-19 09:00:00+00:00,2025,-7.77,2.87,0.95,win,5.0,TP1,loss,-3.0,,loss,-4.0,
ZEC/USDT,2022-05-12 02:00:00+00:00,2022,-7.89,1.57,77.1,win,5.0,TP1,loss,-3.0,,loss,-4.0,
ZEC/USDT,2024-07-05 02:00:00+00:00,2024,-8.7,2.31,16.26,win,5.0,TP1,win,10.0,TP2,win,8.0,TP1
ZEC/USDT,2025-10-02 06:00:00+00:00,2025,-9.64,1.7,137.93,win,5.0,TP1,win,5.0,TP1,win,8.0,TP1
ZEC/USDT,2025-10-10 07:00:00+00:00,2025,-8.55,1.65,227.07,win,5.0,TP1,win,5.0,TP1,loss,-4.0,
ZEC/USDT,2025-10-10 21:00:00+00:00,2025,-13.89,2.4,194.01,win,5.0,TP1,win,10.0,TP2,win,8.0,TP1
ZEC/USDT,2025-10-22 17:00:00+00:00,2025,-7.29,2.5,242.18,expired,-0.12,,loss,-3.0,,loss,-4.0,
ZEC/USDT,2025-11-21 22:00:00+00:00,2025,-8.39,1.53,520.08,win,5.0,TP1,win,5.0,TP1,loss,-4.0,
ZEC/USDT,2025-12-03 20:00:00+00:00,2025,-8.03,2.11,344.48,win,5.0,TP1,win,5.0,TP1,expired,5.67,
ICP/USDT,2022-01-22 09:00:00+00:00,2022,-7.02,1.83,19.72,win,5.0,TP1,win,5.0,TP1,loss,-4.0,
ICP/USDT,2024-03-05 19:00:00+00:00,2024,-14.69,1.6,12.891,win,5.0,TP1,win,5.0,TP1,win,8.0,TP1
ICP/USDT,2024-07-05 02:00:00+00:00,2024,-7.85,2.61,5.988,win,5.0,TP1,win,5.0,TP1,win,8.0,TP1
ICP/USDT,2025-11-04 05:00:00+00:00,2025,-8.4,2.49,4.763,win,5.0,TP1,win,5.0,TP1,win,8.0,TP1
ICP/USDT,2025-11-04 21:00:00+00:00,2025,-7.39,1.58,5.202,win,5.0,TP1,win,5.0,TP1,loss,-4.0,
ICP/USDT,2025-11-09 02:00:00+00:00,2025,-11.72,2.0,7.894,expired,-8.73,,loss,-3.0,,loss,-4.0,
ICP/USDT,2025-11-09 09:00:00+00:00,2025,-7.28,1.77,7.214,win,5.0,TP1,loss,-3.0,,loss,-4.0,
ICP/USDT,2026-01-18 23:00:00+00:00,2026,-7.33,2.22,3.896,win,5.0,TP1,loss,-3.0,,loss,-4.0,
THETA/USDT,2024-02-27 11:00:00+00:00,2024,-9.02,1.78,1.987,win,5.0,TP1,win,5.0,TP1,loss,-4.0,
THETA/USDT,2024-12-20 08:00:00+00:00,2024,-8.57,2.28,1.9,win,5.0,TP1,loss,-3.0,,loss,-4.0,
EOS/USDT,2022-05-09 23:00:00+00:00,2022,-9.35,2.33,1.59,win,5.0,TP1,win,5.0,TP1,win,8.0,TP1
EOS/USDT,2022-11-09 21:00:00+00:00,2022,-8.47,2.56,0.811,win,5.0,TP1,win,5.0,TP1,win,8.0,TP1
EOS/USDT,2024-03-05 19:00:00+00:00,2024,-10.6,2.77,0.9881,win,5.0,TP1,win,5.0,TP1,expired,5.08,
EOS/USDT,2024-04-13 19:00:00+00:00,2024,-9.02,2.7,0.7601,expired,-2.78,,loss,-3.0,,loss,-4.0,
EOS/USDT,2025-04-06 21:00:00+00:00,2025,-7.85,2.22,0.7197,win,5.0,TP1,loss,-3.0,,loss,-4.0,
APT/USDT,2022-11-09 18:00:00+00:00,2022,-11.21,2.25,3.7548,win,5.0,TP1,win,10.0,TP2,win,8.0,TP1
APT/USDT,2022-11-09 21:00:00+00:00,2022,-7.11,1.67,3.6527,win,5.0,TP1,win,5.0,TP1,win,8.0,TP1
APT/USDT,2022-11-14 00:00:00+00:00,2022,-7.42,2.69,3.9064,win,5.0,TP1,loss,-3.0,,win,8.0,TP1
APT/USDT,2023-01-14 09:00:00+00:00,2023,-7.31,1.92,7.4954,win,5.0,TP1,loss,-3.0,,loss,-4.0,
APT/USDT,2023-01-22 20:00:00+00:00,2023,-9.08,2.35,12.9832,win,5.0,TP1,win,5.0,TP1,win,8.0,TP1
APT/USDT,2023-03-10 06:00:00+00:00,2023,-7.04,1.73,10.4743,win,5.0,TP1,loss,-3.0,,loss,-4.0,
APT/USDT,2024-04-13 19:00:00+00:00,2024,-8.99,2.98,8.602,win,5.0,TP1,loss,-3.0,,loss,-4.0,
ARB/USDT,2023-03-24 14:00:00+00:00,2023,-7.92,1.54,1.3725,expired,-9.76,,loss,-3.0,,loss,-4.0,
ARB/USDT,2024-03-05 19:00:00+00:00,2024,-8.98,1.65,1.8777,win,5.0,TP1,win,5.0,TP1,win,8.0,TP1
ARB/USDT,2024-04-13 19:00:00+00:00,2024,-8.51,2.73,1.0041,win,5.0,TP1,win,5.0,TP1,loss,-4.0,
OP/USDT,2022-06-02 13:00:00+00:00,2022,-7.74,2.28,1.335,win,5.0,TP1,win,10.0,TP2,win,8.0,TP1
OP/USDT,2022-06-08 20:00:00+00:00,2022,-8.83,2.32,0.836,win,5.0,TP1,win,5.0,TP1,loss,-4.0,
OP/USDT,2022-06-12 01:00:00+00:00,2022,-7.65,1.67,0.712,win,5.0,TP1,loss,-3.0,,loss,-4.0,
OP/USDT,2022-07-20 07:00:00+00:00,2022,-7.46,1.99,0.769,expired,-10.66,,loss,-3.0,,loss,-4.0,
OP/USDT,2022-08-01 17:00:00+00:00,2022,-7.51,2.81,1.454,win,5.0,TP1,win,5.0,TP1,loss,-4.0,
OP/USDT,2022-11-09 21:00:00+00:00,2022,-9.55,1.62,0.786,win,5.0,TP1,win,5.0,TP1,win,8.0,TP1
OP/USDT,2024-03-05 19:00:00+00:00,2024,-9.08,1.51,3.986,win,5.0,TP1,win,5.0,TP1,win,8.0,TP1
OP/USDT,2024-04-13 19:00:00+00:00,2024,-7.95,2.82,2.073,win,5.0,TP1,loss,-3.0,,loss,-4.0,
INJ/USDT,2022-01-22 09:00:00+00:00,2022,-7.92,1.98,4.335,win,5.0,TP1,win,5.0,TP1,loss,-4.0,
INJ/USDT,2022-05-11 12:00:00+00:00,2022,-13.43,2.5,2.294,win,5.0,TP1,win,15.0,TP3,win,8.0,TP1
INJ/USDT,2022-09-13 15:00:00+00:00,2022,-7.53,1.55,1.718,expired,-1.05,,loss,-3.0,,loss,-4.0,
INJ/USDT,2022-11-08 03:00:00+00:00,2022,-7.95,2.7,2.431,expired,-22.13,,loss,-3.0,,loss,-4.0,
INJ/USDT,2022-11-08 17:00:00+00:00,2022,-10.91,2.43,2.172,expired,-28.59,,loss,-3.0,,loss,-4.0,
INJ/USDT,2022-11-14 00:00:00+00:00,2022,-7.84,2.2,1.67,win,5.0,TP1,win,5.0,TP1,expired,3.29,
INJ/USDT,2023-01-25 15:00:00+00:00,2023,-8.89,2.79,2.224,win,5.0,TP1,loss,-3.0,,win,8.0,TP1
INJ/USDT,2024-04-13 19:00:00+00:00,2024,-9.96,2.67,22.87,win,5.0,TP1,loss,-3.0,,loss,-4.0,
INJ/USDT,2024-07-05 02:00:00+00:00,2024,-7.97,2.58,17.55,win,5.0,TP1,loss,-3.0,,loss,-4.0,
INJ/USDT,2024-12-20 08:00:00+00:00,2024,-7.15,2.33,20.26,win,5.0,TP1,win,15.0,TP3,win,8.0,TP1
SHIB/USDT,2022-11-09 21:00:00+00:00,2022,-10.32,2.4,8e-06,win,5.0,TP1,win,5.0,TP1,win,8.0,TP1
SHIB/USDT,2024-03-05 04:00:00+00:00,2024,-13.01,1.57,3.8e-05,win,5.0,TP1,loss,-3.0,,loss,-4.0,
SHIB/USDT,2024-04-13 19:00:00+00:00,2024,-8.57,2.41,2.2e-05,win,5.0,TP1,loss,-3.0,,loss,-4.0,
SHIB/USDT,2024-07-05 02:00:00+00:00,2024,-7.55,2.57,1.3e-05,win,5.0,TP1,loss,-3.0,,win,8.0,TP1
SHIB/USDT,2024-11-13 19:00:00+00:00,2024,-7.22,1.69,2.5e-05,win,5.0,TP1,win,5.0,TP1,expired,0.92,
PEPE/USDT,2023-05-08 01:00:00+00:00,2023,-7.38,1.71,3e-06,expired,-23.9,,loss,-3.0,,loss,-4.0,
PEPE/USDT,2023-05-08 16:00:00+00:00,2023,-8.49,1.99,2e-06,win,5.0,TP1,loss,-3.0,,loss,-4.0,
PEPE/USDT,2023-05-12 02:00:00+00:00,2023,-14.93,2.55,1e-06,win,5.0,TP1,win,10.0,TP2,win,8.0,TP1
PEPE/USDT,2023-05-15 00:00:00+00:00,2023,-7.87,2.8,2e-06,win,5.0,TP1,win,5.0,TP1,win,8.0,TP1
PEPE/USDT,2023-06-22 14:00:00+00:00,2023,-8.48,2.69,2e-06,win,5.0,TP1,win,10.0,TP2,win,8.0,TP1
PEPE/USDT,2023-10-25 16:00:00+00:00,2023,-7.38,1.92,1e-06,win,5.0,TP1,win,5.0,TP1,win,8.0,TP1
PEPE/USDT,2024-03-04 17:00:00+00:00,2024,-9.68,1.73,7e-06,win,5.0,TP1,loss,-3.0,,loss,-4.0,
PEPE/USDT,2024-03-05 15:00:00+00:00,2024,-9.68,1.65,7e-06,win,5.0,TP1,win,5.0,TP1,loss,-4.0,
PEPE/USDT,2024-03-05 19:00:00+00:00,2024,-12.93,1.57,6e-06,win,5.0,TP1,win,5.0,TP1,win,8.0,TP1
PEPE/USDT,2024-03-07 16:00:00+00:00,2024,-7.53,2.62,7e-06,win,5.0,TP1,loss,-3.0,,win,8.0,TP1
PEPE/USDT,2024-07-05 02:00:00+00:00,2024,-7.93,1.86,8e-06,win,5.0,TP1,win,5.0,TP1,win,8.0,TP1
PEPE/USDT,2024-11-13 19:00:00+00:00,2024,-12.97,2.07,1.8e-05,win,5.0,TP1,win,5.0,TP1,win,8.0,TP1
PEPE/USDT,2024-12-10 15:00:00+00:00,2024,-8.85,1.61,2.3e-05,win,5.0,TP1,win,5.0,TP1,loss,-4.0,
FLOKI/USDT,2023-10-27 01:00:00+00:00,2023,-7.77,1.9,3.8e-05,win,5.0,TP1,win,5.0,TP1,win,8.0,TP1
FLOKI/USDT,2024-03-04 17:00:00+00:00,2024,-9.97,1.77,0.000152,win,5.0,TP1,loss,-3.0,,loss,-4.0,
FLOKI/USDT,2024-03-06 09:00:00+00:00,2024,-7.05,2.58,0.000147,expired,-8.96,,loss,-3.0,,loss,-4.0,
FLOKI/USDT,2024-03-08 14:00:00+00:00,2024,-7.94,2.78,0.00021,win,5.0,TP1,win,5.0,TP1,win,8.0,TP1
FLOKI/USDT,2024-03-15 08:00:00+00:00,2024,-9.11,2.19,0.000242,win,5.0,TP1,win,5.0,TP1,loss,-4.0,
FLOKI/USDT,2024-04-13 19:00:00+00:00,2024,-10.21,2.59,0.000131,win,5.0,TP1,loss,-3.0,,loss,-4.0,
FLOKI/USDT,2024-07-05 02:00:00+00:00,2024,-7.72,2.19,0.000125,win,5.0,TP1,loss,-3.0,,win,8.0,TP1
FLOKI/USDT,2024-11-13 19:00:00+00:00,2024,-8.23,1.68,0.000224,win,5.0,TP1,loss,-3.0,,win,8.0,TP1
FLOKI/USDT,2024-12-09 20:00:00+00:00,2024,-7.33,2.15,0.000254,expired,-14.16,,loss,-3.0,,loss,-4.0,
FLOKI/USDT,2025-02-03 01:00:00+00:00,2025,-11.97,3.0,8.4e-05,win,5.0,TP1,loss,-3.0,,loss,-4.0,
STX/USDT,2022-03-11 00:00:00+00:00,2022,-7.0,1.78,1.394,win,5.0,TP1,loss,-3.0,,loss,-4.0,
STX/USDT,2022-06-17 23:00:00+00:00,2022,-7.3,2.19,0.381,expired,-11.02,,loss,-3.0,,loss,-4.0,
STX/USDT,2022-11-15 16:00:00+00:00,2022,-7.12,2.91,0.261,win,5.0,TP1,loss,-3.0,,loss,-4.0,
STX/USDT,2023-02-20 00:00:00+00:00,2023,-12.9,2.61,0.5714,win,5.0,TP1,win,15.0,TP3,win,20.0,TP2
STX/USDT,2023-02-25 00:00:00+00:00,2023,-7.39,1.51,0.677,win,5.0,TP1,win,5.0,TP1,win,8.0,TP1
STX/USDT,2023-03-15 14:00:00+00:00,2023,-7.22,2.07,0.9052,expired,1.25,,loss,-3.0,,loss,-4.0,
STX/USDT,2023-03-20 16:00:00+00:00,2023,-7.5,2.12,1.1191,win,5.0,TP1,win,5.0,TP1,win,8.0,TP1
STX/USDT,2024-03-05 19:00:00+00:00,2024,-11.54,2.96,2.4743,win,5.0,TP1,win,5.0,TP1,win,8.0,TP1
STX/USDT,2024-04-13 19:00:00+00:00,2024,-7.38,2.91,2.3672,win,5.0,TP1,loss,-3.0,,loss,-4.0,
STX/USDT,2024-07-05 02:00:00+00:00,2024,-7.79,2.22,1.278,win,5.0,TP1,win,5.0,TP1,win,8.0,TP1
IMX/USDT,2022-01-22 09:00:00+00:00,2022,-8.08,2.43,2.185,win,5.0,TP1,win,10.0,TP2,win,8.0,TP1
IMX/USDT,2022-02-03 16:00:00+00:00,2022,-7.54,2.0,3.752,expired,-21.0,,loss,-3.0,,loss,-4.0,
IMX/USDT,2022-05-11 06:00:00+00:00,2022,-7.48,2.24,1.052,win,5.0,TP1,loss,-3.0,,win,8.0,TP1
IMX/USDT,2022-11-09 21:00:00+00:00,2022,-7.21,2.7,0.399,win,5.0,TP1,win,5.0,TP1,win,8.0,TP1
IMX/USDT,2023-03-11 07:00:00+00:00,2023,-7.24,2.43,0.781,win,5.0,TP1,loss,-3.0,,expired,2.18,
IMX/USDT,2023-03-15 15:00:00+00:00,2023,-9.36,2.91,1.084,win,5.0,TP1,loss,-3.0,,loss,-4.0,
IMX/USDT,2024-03-05 19:00:00+00:00,2024,-10.13,2.95,2.672,win,5.0,TP1,win,5.0,TP1,win,8.0,TP1
IMX/USDT,2024-04-13 19:00:00+00:00,2024,-7.66,2.13,1.9074,win,5.0,TP1,loss,-3.0,,loss,-4.0,
IMX/USDT,2024-07-05 02:00:00+00:00,2024,-7.91,1.78,1.1905,win,5.0,TP1,win,5.0,TP1,win,8.0,TP1
IMX/USDT,2025-04-07 06:00:00+00:00,2025,-8.07,2.9,0.353,win,5.0,TP1,win,5.0,TP1,win,8.0,TP1
RNDR/USDT,2022-01-20 21:00:00+00:00,2022,-7.77,2.25,2.93,expired,-20.0,,loss,-3.0,,loss,-4.0,
RNDR/USDT,2022-05-12 05:00:00+00:00,2022,-7.94,2.0,0.661,win,5.0,TP1,win,5.0,TP1,win,8.0,TP1
RNDR/USDT,2022-06-12 02:00:00+00:00,2022,-7.17,2.96,0.505,win,5.0,TP1,win,5.0,TP1,win,8.0,TP1
RNDR/USDT,2022-11-09 15:00:00+00:00,2022,-7.84,1.56,0.47,win,5.0,TP1,loss,-3.0,,loss,-4.0,
RNDR/USDT,2022-11-09 21:00:00+00:00,2022,-8.55,1.57,0.396,win,5.0,TP1,win,5.0,TP1,win,8.0,TP1
RNDR/USDT,2022-11-12 04:00:00+00:00,2022,-7.34,1.61,0.492,win,5.0,TP1,win,5.0,TP1,win,8.0,TP1
RNDR/USDT,2023-01-14 09:00:00+00:00,2023,-10.46,2.13,0.531,win,5.0,TP1,win,5.0,TP1,loss,-4.0,
RNDR/USDT,2023-02-13 08:00:00+00:00,2023,-9.27,1.73,1.488,expired,-1.61,,loss,-3.0,,loss,-4.0,
RNDR/USDT,2024-02-23 15:00:00+00:00,2024,-8.3,2.85,7.218,win,5.0,TP1,win,5.0,TP1,loss,-4.0,
RNDR/USDT,2024-03-05 19:00:00+00:00,2024,-9.59,2.95,6.224,win,5.0,TP1,win,5.0,TP1,win,8.0,TP1
RNDR/USDT,2024-04-13 19:00:00+00:00,2024,-9.34,2.89,7.041,win,5.0,TP1,loss,-3.0,,loss,-4.0,
RNDR/USDT,2024-07-05 02:00:00+00:00,2024,-7.03,2.11,5.846,win,5.0,TP1,loss,-3.0,,win,8.0,TP1
